{"cameraMode":{"drawMode":0,"name":"Shaded","section":"Shading Mode"},"sceneLighting":false,"audioPlay":false,"sceneViewState":{"m_AlwaysRefresh":false,"showFog":true,"showSkybox":true,"showFlares":true,"showImageEffects":true,"showParticleSystems":true,"showVisualEffectGraphs":true,"m_FxEnabled":true},"in2DMode":false,"pivot":{"x":90.21734619140625,"y":520.2026977539063,"z":123.9127197265625},"rotation":{"x":0.002296165097504854,"y":0.9976339340209961,"z":-0.05423445627093315,"w":0.0422261618077755},"size":192.08676147460938,"orthographic":false}